52.920, 80, 0.00
52.946, -267, -0.02
52.972, -116, -0.05
52.998, -311, -0.11
53.024, -170, -0.16
53.050, -117, -0.17
53.076, -440, -0.20
53.102, -229, -0.20
53.128, 300, -0.17
53.154, 55, -0.15
53.180, 444, -0.11
53.206, 55, -0.15
53.232, -244, -0.19
53.258, 131, -0.14
53.284, 32, -0.10
53.310, -135, -0.11
53.336, 128, -0.08
53.362, 25, -0.07
53.387, -236, -0.10
53.413, 43, -0.09
53.439, -302, -0.17
53.465, -15, -0.16
53.491, -8, -0.16
53.517, -203, -0.19
53.543, 66, -0.16
53.569, -157, -0.16
53.595, 8, -0.14
53.621, -59, -0.15
53.647, 678, -0.10
53.673, -73, -0.11
53.699, -284, -0.16
53.725, 209, -0.17
53.751, -266, -0.19
53.777, 89, -0.22
53.803, 50, -0.23
53.829, 201, -0.19
53.855, -294, -0.24
53.881, 195, -0.20
53.907, -66, -0.20
53.933, -41, -0.19
53.959, -308, -0.24
53.985, 187, -0.19
54.011, 64, -0.17
54.037, 99, -0.18
54.063, 16, -0.17
54.089, -35, -0.17
54.114, 374, -0.11
54.140, -7, -0.09
54.166, -144, -0.12
54.192, -27, -0.10
54.218, 22, -0.10
54.244, -343, -0.11
54.270, -386, -0.14
54.296, 29, -0.10
54.322, -44, -0.09
54.348, -283, -0.11
54.374, -324, -0.10
54.400, -501, -0.12
54.426, -826, -0.23
54.452, 99, -0.23
54.478, -302, -0.30
54.504, -183, -0.33
54.530, -30, -0.30
54.556, 49, -0.31
54.582, -68, -0.32
54.608, -207, -0.33
54.634, -530, -0.39
54.660, -517, -0.44
54.686, -258, -0.45
54.712, -437, -0.49
54.738, -970, -0.56
54.764, -215, -0.58
54.790, -834, -0.66
54.816, -577, -0.70
54.841, -396, -0.74
54.867, -535, -0.78
54.893, -912, -0.87
54.919, -529, -0.91
54.945, -482, -1.03
54.971, -619, -1.08
54.997, -342, -1.09
55.023, -1105, -1.22
55.049, -640, -1.25
55.075, -609, -1.32
55.101, -1024, -1.42
55.127, -519, -1.49
55.153, -776, -1.54
55.179, -659, -1.63
55.205, -782, -1.69
55.231, -775, -1.77
55.257, -868, -1.82
55.283, -1149, -1.95
55.309, -512, -2.01
55.335, -1093, -2.12
55.361, -1260, -2.25
55.387, -925, -2.34
55.413, -1124, -2.48
55.439, -851, -2.56
55.465, -1590, -2.70
55.491, -879, -2.79
55.517, -1546, -2.94
55.543, -1175, -3.02
55.568, -1396, -3.12
55.594, -1109, -3.23
55.620, -1620, -3.39
55.646, -807, -3.44
55.672, -1024, -3.50
55.698, -841, -3.54
55.724, -1334, -3.59
55.750, -1427, -3.74
55.776, -1458, -3.85
55.802, -1351, -3.96
55.828, -1242, -4.08
55.854, -1075, -4.19
55.880, -1642, -4.34
55.906, -1409, -4.46
55.932, -1294, -4.54
55.958, -1199, -4.60
55.984, -1674, -4.74
56.010, -1545, -4.85
56.036, -1590, -4.91
56.062, -1559, -5.04
56.088, -1766, -5.13
56.114, -1427, -5.22
56.140, -1358, -5.31
56.166, -1633, -5.42
56.192, -1902, -5.51
56.218, -1429, -5.60
56.244, -1652, -5.71
56.270, -1321, -5.78
56.295, -1578, -5.90
56.321, -1453, -5.94
56.347, -1264, -6.00
56.373, -1549, -6.09
56.399, -2020, -6.19
56.425, -1651, -6.30
56.451, -1982, -6.42
56.477, -1291, -6.48
56.503, -1948, -6.59
56.529, -1683, -6.68
56.555, -1772, -6.77
56.581, -1901, -6.84
56.607, -2324, -7.02
56.633, -1871, -7.10
56.659, -1806, -7.15
56.685, -1651, -7.22
56.711, -1972, -7.30
56.737, -1805, -7.39
56.763, -2010, -7.44
56.789, -2237, -7.57
56.815, -1884, -7.60
56.841, -2319, -7.72
56.867, -2020, -7.77
56.893, -2115, -7.87
56.919, -1994, -7.91
56.945, -2037, -8.03
56.971, -1918, -8.12
56.996, -1763, -8.21
57.022, -2328, -8.30
57.048, -2149, -8.37
57.074, -2088, -8.44
57.100, -2359, -8.54
57.126, -2468, -8.65
57.152, -2083, -8.75
57.178, -2676, -8.85
57.204, -2087, -8.92
57.230, -2440, -9.03
57.256, -2751, -9.18
57.282, -2278, -9.24
57.308, -2675, -9.35
57.334, -2086, -9.40
57.360, -2279, -9.47
57.386, -2478, -9.54
57.412, -2321, -9.63
57.438, -2748, -9.76
57.464, -2591, -9.86
57.490, -2816, -9.95
57.516, -2361, -10.04
57.542, -2372, -10.11
57.568, -2455, -10.22
57.594, -2342, -10.29
57.620, -2893, -10.43
57.646, -2362, -10.54
57.672, -2771, -10.66
57.698, -2302, -10.69
57.723, -2613, -10.78
57.749, -2496, -10.83
57.775, -2487, -10.95
57.801, -2348, -10.98
57.827, -2623, -11.08
57.853, -2888, -11.18
57.879, -2481, -11.24
57.905, -2812, -11.29
57.931, -2523, -11.36
57.957, -3324, -11.50
57.983, -2769, -11.61
58.009, -2874, -11.70
58.035, -3147, -11.83
58.061, -2812, -11.91
58.087, -2715, -11.96
58.113, -3414, -12.11
58.139, -3175, -12.19
58.165, -2968, -12.28
58.191, -2811, -12.35
58.217, -3304, -12.48
58.243, -2805, -12.55
58.269, -2972, -12.65
58.295, -2863, -12.76
58.321, -2900, -12.82
58.347, -3357, -12.94
58.373, -3024, -13.02
58.399, -3043, -13.09
58.425, -3150, -13.16
58.450, -3171, -13.27
58.476, -2846, -13.28
58.502, -3099, -13.38
58.528, -3106, -13.45
58.554, -2999, -13.47
58.580, -3400, -13.58
58.606, -3083, -13.62
58.632, -3644, -13.77
58.658, -3117, -13.85
58.684, -3288, -13.93
58.710, -3469, -14.04
58.736, -3378, -14.11
58.762, -3651, -14.21
58.788, -3128, -14.24
58.814, -3247, -14.33
58.840, -3632, -14.45
58.866, -3461, -14.55
58.892, -3696, -14.68
58.918, -3293, -14.72
58.944, -3770, -14.85
58.970, -3465, -14.92
58.996, -3312, -15.03
59.022, -3901, -15.15
59.048, -3604, -15.25
59.074, -3499, -15.36
59.100, -3434, -15.46
59.126, -3651, -15.56
59.152, -3846, -15.66
59.177, -3587, -15.76
59.203, -3818, -15.86
59.229, -3767, -15.98
59.255, -3550, -16.01
59.281, -3727, -16.10
59.307, -3954, -16.21
59.333, -3663, -16.26
59.359, -3986, -16.37
59.385, -3987, -16.49
59.411, -3956, -16.55
59.437, -4253, -16.65
59.463, -3988, -16.75
59.489, -3767, -16.85
59.515, -4266, -16.94
59.541, -4369, -17.09
59.567, -3668, -17.16
59.593, -3915, -17.26
59.619, -3986, -17.37
59.645, -4145, -17.45
59.671, -4204, -17.56
59.697, -4299, -17.68
59.723, -4438, -17.81
59.749, -4765, -17.96
59.775, -4490, -18.12
59.801, -4411, -18.25
59.827, -4316, -18.37
59.853, -4627, -18.53
59.878, -5054, -18.69
59.904, -4527, -18.83
59.930, -4506, -18.91
59.956, -4677, -19.07
59.982, -5132, -19.25
60.008, -4115, -19.31
60.034, -4732, -19.44
60.060, -4281, -19.51
60.086, -4640, -19.65
60.112, -4391, -19.76
60.138, -5074, -19.91
60.164, -4853, -20.04
60.190, -4608, -20.13
60.216, -4947, -20.29
60.242, -5136, -20.42
60.268, -4745, -20.55
60.294, -4876, -20.70
60.320, -4947, -20.80
60.346, -5162, -20.95
60.372, -4759, -21.08
60.398, -4948, -21.23
60.424, -4953, -21.35
60.450, -4914, -21.46
60.476, -4751, -21.57
60.502, -5550, -21.74
60.528, -5039, -21.86
60.554, -5076, -22.01
60.580, -5093, -22.15
60.605, -5266, -22.28
60.631, -4887, -22.39
60.657, -5066, -22.50
60.683, -5165, -22.61
60.709, -5074, -22.73
60.735, -5145, -22.81
60.761, -5274, -22.94
60.787, -5439, -23.10
60.813, -5296, -23.20
60.839, -5003, -23.26
60.865, -5264, -23.42
60.891, -5047, -23.53
60.917, -5524, -23.68
60.943, -5739, -23.83
60.969, -5168, -23.93
60.995, -5567, -24.05
61.021, -5622, -24.17
61.047, -5343, -24.22
61.073, -5534, -24.33
61.099, -5929, -24.47
61.125, -5744, -24.61
61.151, -5813, -24.73
61.177, -6008, -24.82
61.203, -5827, -24.95
61.229, -5754, -25.07
61.255, -6107, -25.21
61.281, -5672, -25.26
61.307, -5601, -25.41
61.332, -6032, -25.54
61.358, -6101, -25.71
61.384, -5810, -25.82
61.410, -5967, -25.98
61.436, -6076, -26.08
61.462, -5985, -26.19
61.488, -6424, -26.37
61.514, -6011, -26.47
61.540, -6116, -26.57
61.566, -6231, -26.71
61.592, -6506, -26.87
61.618, -6335, -27.01
61.644, -6318, -27.12
61.670, -6287, -27.27
61.696, -6850, -27.45
61.722, -6655, -27.62
61.748, -6582, -27.78
61.774, -6691, -27.97
61.800, -6926, -28.10
61.826, -6605, -28.26
61.852, -6524, -28.40
61.878, -7241, -28.61
61.904, -6912, -28.77
61.930, -7005, -28.98
61.956, -6706, -29.14
61.982, -6753, -29.29
62.008, -6758, -29.46
62.034, -6959, -29.63
62.059, -7444, -29.85
62.085, -6911, -29.99
62.111, -7072, -30.16
62.137, -7187, -30.37
62.163, -6772, -30.52
62.189, -7311, -30.74
62.215, -7310, -30.92
62.241, -7211, -31.06
62.267, -7358, -31.28
62.293, -7291, -31.44
62.319, -7560, -31.63
62.345, -7419, -31.84
62.371, -7412, -32.02
62.397, -7697, -32.19
62.423, -7770, -32.39
62.449, -7549, -32.56
62.475, -7572, -32.71
62.501, -7657, -32.89
62.527, -7674, -33.08
62.553, -7569, -33.22
62.579, -7650, -33.41
62.605, -7501, -33.60
62.631, -7352, -33.73
62.657, -7979, -33.91
62.683, -7556, -34.08
62.709, -7821, -34.26
62.735, -8108, -34.46
62.761, -7997, -34.66
62.786, -8282, -34.84
62.812, -7895, -35.02
62.838, -7880, -35.19
62.864, -8625, -35.43
62.890, -7810, -35.56
62.916, -7953, -35.71
62.942, -8326, -35.91
62.968, -8507, -36.13
62.994, -7814, -36.22
63.020, -8247, -36.38
63.046, -8404, -36.55
63.072, -8607, -36.74
63.098, -8512, -36.89
63.124, -8551, -37.08
63.150, -8618, -37.29
63.176, -8273, -37.39
63.202, -8510, -37.55
63.228, -8849, -37.72
63.254, -8986, -37.95
63.280, -8715, -38.14
63.306, -8424, -38.30
63.332, -8771, -38.48
63.358, -9280, -38.66
63.384, -9157, -38.88
63.410, -9022, -39.07
63.436, -8983, -39.24
63.462, -9448, -39.50
63.487, -9211, -39.69
63.513, -9286, -39.88
63.539, -9029, -40.06
63.565, -8942, -40.22
63.591, -9411, -40.42
63.617, -9236, -40.58
63.643, -9305, -40.77
63.669, -9552, -40.98
63.695, -9527, -41.16
63.721, -9510, -41.32
63.747, -9189, -41.48
63.773, -9444, -41.67
63.799, -9237, -41.82
63.825, -9146, -41.97
63.851, -9683, -42.17
63.877, -9322, -42.33
63.903, -9413, -42.52
63.929, -9484, -42.73
63.955, -9187, -42.85
63.981, -9440, -43.03
64.007, -9253, -43.17
64.033, -9338, -43.29
64.059, -9545, -43.44
64.085, -9442, -43.55
64.111, -9333, -43.70
64.137, -9502, -43.86
64.163, -9341, -43.92
64.189, -9450, -44.09
64.214, -9787, -44.26
64.240, -9878, -44.42
64.266, -9303, -44.49
64.292, -9680, -44.68
64.318, -9605, -44.81
64.344, -9666, -44.93
64.370, -9407, -45.01
64.396, -9448, -45.10
64.422, -9973, -45.24
64.448, -9430, -45.32
64.474, -9529, -45.44
64.500, -9656, -45.55
64.526, -9361, -45.60
64.552, -9630, -45.67
64.578, -9469, -45.74
64.604, -9880, -45.88
64.630, -9647, -45.96
64.656, -9666, -46.00
64.682, -9607, -46.05
64.708, -9786, -46.12
64.734, -9413, -46.16
64.760, -9418, -46.16
64.786, -9591, -46.20
64.812, -9530, -46.22
64.838, -9273, -46.25
64.864, -9404, -46.29
64.890, -9231, -46.27
64.916, -9366, -46.29
64.941, -9825, -46.34
64.967, -9554, -46.34
64.993, -9721, -46.36
65.019, -9892, -46.39
65.045, -9671, -46.44
65.071, -9782, -46.47
65.097, -9637, -46.51
65.123, -9714, -46.57
65.149, -9785, -46.58
65.175, -9690, -46.61
65.201, -9469, -46.62
65.227, -9668, -46.64
65.253, -9507, -46.67
65.279, -9518, -46.68
65.305, -9661, -46.72
65.331, -9712, -46.76
65.357, -9655, -46.77
65.383, -9104, -46.73
65.409, -9635, -46.76
65.435, -9550, -46.77
65.461, -9391, -46.77
65.487, -9596, -46.78
65.513, -9303, -46.74
65.539, -9694, -46.72
65.565, -9703, -46.76
65.591, -9702, -46.76
65.617, -9585, -46.76
65.643, -9636, -46.76
65.668, -9395, -46.76
65.694, -9796, -46.79
65.720, -9541, -46.75
65.746, -10026, -46.80
65.772, -9649, -46.81
65.798, -9562, -46.81
65.824, -9925, -46.86
65.850, -9756, -46.87
65.876, -9343, -46.86
65.902, -9510, -46.82
65.928, -9725, -46.83
65.954, -9514, -46.82
65.980, -9641, -46.82
66.006, -9800, -46.82
66.032, -9765, -46.86
66.058, -9748, -46.89
66.084, -9805, -46.91
66.110, -9408, -46.90
66.136, -9833, -46.96
66.162, -9430, -46.96
66.188, -9819, -47.01
66.214, -9822, -47.06
66.240, -9811, -47.06
66.266, -9526, -47.05
66.292, -9883, -47.07
66.318, -9784, -47.06
66.344, -9515, -47.04
66.369, -9632, -47.03
66.395, -9857, -47.05
66.421, -9806, -47.06
66.447, -9751, -47.06
66.473, -9732, -47.06
66.499, -9535, -47.07
66.525, -9866, -47.09
66.551, -9853, -47.12
66.577, -9550, -47.12
66.603, -9751, -47.13
66.629, -9584, -47.12
66.655, -9293, -47.08
66.681, -9764, -47.15
66.707, -9621, -47.15
66.733, -9466, -47.14
66.759, -9917, -47.19
66.785, -10100, -47.24
66.811, -9691, -47.28
66.837, -10192, -47.33
66.863, -9667, -47.32
66.889, -10080, -47.36
66.915, -9693, -47.37
66.941, -9958, -47.40
66.967, -9787, -47.44
66.993, -9566, -47.42
67.019, -9587, -47.42
67.045, -9430, -47.37
67.071, -9895, -47.38
67.096, -9770, -47.41
67.122, -9967, -47.41
67.148, -9968, -47.43
67.174, -9611, -47.46
67.200, -9818, -47.49
67.226, -10101, -47.53
67.252, -10046, -47.58
67.278, -10061, -47.62
67.304, -9892, -47.63
67.330, -9871, -47.64
67.356, -9744, -47.64
67.382, -9953, -47.65
67.408, -9540, -47.66
67.434, -9579, -47.64
67.460, -9718, -47.67
67.486, -9633, -47.65
67.512, -9596, -47.63
67.538, -9923, -47.64
67.564, -9948, -47.68
67.590, -9849, -47.68
67.616, -9988, -47.70
67.642, -9969, -47.74
67.668, -9692, -47.75
67.694, -9591, -47.72
67.720, -9832, -47.72
67.746, -9765, -47.73
67.772, -9532, -47.71
67.798, -9871, -47.74
67.823, -10510, -47.80
67.849, -9819, -47.79
67.875, -9650, -47.80
67.901, -9499, -47.78
67.927, -9906, -47.81
67.953, -10109, -47.89
67.979, -9740, -47.89
68.005, -10151, -47.94
68.031, -10100, -48.00
68.057, -9809, -47.99
68.083, -9716, -47.96
68.109, -9699, -47.96
68.135, -9668, -47.91
68.161, -9869, -47.93
68.187, -9392, -47.86
68.213, -10079, -47.90
68.239, -9966, -47.90
68.265, -9745, -47.89
68.291, -10124, -47.95
68.317, -9803, -47.97
68.343, -9744, -48.00
68.369, -9663, -47.98
68.395, -10098, -48.01
68.421, -9883, -48.00
68.447, -9438, -47.95
68.473, -9747, -47.96
68.499, -9638, -47.95
68.525, -10093, -47.95
68.550, -9972, -47.94
68.576, -9981, -47.93
68.602, -9892, -47.93
68.628, -9919, -47.93
68.654, -10096, -47.97
68.680, -9943, -47.97
68.706, -9984, -48.01
68.732, -9847, -48.03
68.758, -10202, -48.08
68.784, -9809, -48.10
68.810, -10020, -48.14
68.836, -9721, -48.12
68.862, -9794, -48.11
68.888, -9887, -48.11
68.914, -10170, -48.13
68.940, -9935, -48.13
68.966, -10242, -48.18
68.992, -10185, -48.24
69.018, -9942, -48.25
69.044, -9849, -48.26
69.070, -10204, -48.32
69.096, -10081, -48.34
69.122, -9792, -48.27
69.148, -10081, -48.30
69.174, -10058, -48.34
69.200, -10205, -48.40
69.226, -9730, -48.39
69.252, -9589, -48.34
69.277, -9980, -48.36
69.303, -9881, -48.34
69.329, -9862, -48.31
69.355, -10179, -48.35
69.381, -10192, -48.39
69.407, -10067, -48.43
69.433, -10028, -48.47
69.459, -10093, -48.49
69.485, -10218, -48.57
69.511, -10209, -48.58
69.537, -10274, -48.61
69.563, -10261, -48.66
69.589, -10300, -48.68
69.615, -10043, -48.70
69.641, -10184, -48.75
69.667, -10411, -48.82
69.693, -10406, -48.85
69.719, -10365, -48.89
69.745, -10046, -48.96
69.771, -10439, -49.02
69.797, -10024, -49.06
69.823, -10253, -49.07
69.849, -10252, -49.10
69.875, -10339, -49.14
69.901, -9760, -49.13
69.927, -9945, -49.13
69.953, -10332, -49.15
69.978, -10195, -49.18
70.004, -10284, -49.21
70.030, -9799, -49.20
70.056, -10174, -49.20
70.082, -10489, -49.26
70.108, -9930, -49.25
70.134, -10163, -49.30
70.160, -9876, -49.31
70.186, -9859, -49.30
70.212, -10148, -49.30
70.238, -10169, -49.32
70.264, -10302, -49.33
70.290, -9713, -49.28
70.316, -10352, -49.32
70.342, -10151, -49.35
70.368, -10090, -49.34
70.394, -10067, -49.34
70.420, -10320, -49.39
70.446, -10147, -49.40
70.472, -10078, -49.40
70.498, -9835, -49.37
70.524, -10732, -49.46
70.550, -10159, -49.52
70.576, -10086, -49.53
70.602, -10039, -49.54
70.628, -9730, -49.53
70.654, -10331, -49.55
70.680, -10130, -49.54
70.705, -10437, -49.58
70.731, -10388, -49.61
70.757, -10129, -49.61
70.783, -10086, -49.60
70.809, -10321, -49.61
70.835, -10170, -49.60
70.861, -10081, -49.59
70.887, -10432, -49.60
70.913, -10059, -49.60
70.939, -10050, -49.59
70.965, -10159, -49.56
70.991, -9988, -49.52
71.017, -10027, -49.49
71.043, -10302, -49.51
71.069, -10115, -49.48
71.095, -10388, -49.52
71.121, -10305, -49.52
71.147, -10020, -49.50
71.173, -9977, -49.46
71.199, -9880, -49.47
71.225, -10081, -49.49
71.251, -10192, -49.47
71.277, -10417, -49.50
71.303, -9854, -49.45
71.329, -10149, -49.49
71.355, -10424, -49.51
71.381, -9993, -49.46
71.407, -9976, -49.47
71.432, -10007, -49.45
71.458, -10108, -49.48
71.484, -10217, -49.51
71.510, -10252, -49.52
71.536, -10059, -49.51
71.562, -10310, -49.51
71.588, -10367, -49.58
71.614, -9994, -49.54
71.640, -10037, -49.53
71.666, -10412, -49.56
71.692, -10247, -49.58
71.718, -10062, -49.55
71.744, -9885, -49.53
71.770, -10490, -49.57
71.796, -9589, -49.54
71.822, -10078, -49.48
71.848, -10371, -49.50
71.874, -10116, -49.50
71.900, -9759, -49.48
71.926, -9990, -49.50
71.952, -10061, -49.47
71.978, -10126, -49.47
72.004, -9917, -49.42
72.030, -10270, -49.41
72.056, -10037, -49.41
72.082, -10468, -49.44
72.108, -9839, -49.40
72.134, -10454, -49.42
72.159, -10243, -49.44
72.185, -10014, -49.40
72.211, -10527, -49.44
72.237, -10160, -49.45
72.263, -10521, -49.49
72.289, -10180, -49.51
72.315, -10101, -49.51
72.341, -10182, -49.50
72.367, -9787, -49.47
72.393, -10434, -49.47
72.419, -10475, -49.49
72.445, -10322, -49.52
72.471, -10365, -49.56
72.497, -10398, -49.61
72.523, -9945, -49.60
72.549, -10098, -49.59
72.575, -10085, -49.56
72.601, -10138, -49.58
72.627, -10321, -49.60
72.653, -10428, -49.60
72.679, -10493, -49.65
72.705, -10248, -49.67
72.731, -10053, -49.68
72.757, -10256, -49.69
72.783, -9923, -49.66
72.809, -10224, -49.66
72.835, -9987, -49.65
72.860, -10494, -49.67
72.886, -10147, -49.65
72.912, -10156, -49.67
72.938, -10351, -49.70
72.964, -10280, -49.68
72.990, -10177, -49.68
73.016, -10274, -49.70
73.042, -9943, -49.70
73.068, -10098, -49.67
73.094, -10191, -49.73
73.120, -10454, -49.76
73.146, -10121, -49.74
73.172, -10024, -49.73
73.198, -10187, -49.77
73.224, -10456, -49.82
73.250, -10143, -49.82
73.276, -10398, -49.85
73.302, -10441, -49.90
73.328, -9992, -49.87
73.354, -10243, -49.89
73.380, -10240, -49.87
73.406, -9901, -49.88
73.432, -10356, -49.87
73.458, -10535, -49.90
73.484, -10320, -49.93
73.510, -10045, -49.88
73.536, -10332, -49.90
73.562, -10439, -49.89
73.587, -10586, -49.93
73.613, -10031, -49.92
73.639, -10212, -49.92
73.665, -10059, -49.95
73.691, -10530, -49.96
73.717, -10281, -49.94
73.743, -10186, -49.93
73.769, -10253, -49.92
73.795, -10196, -49.90
73.821, -10481, -49.95
73.847, -10382, -49.98
73.873, -10477, -50.02
73.899, -10194, -50.02
73.925, -10367, -50.02
73.951, -10390, -50.02
73.977, -10269, -50.00
74.003, -10200, -50.00
74.029, -10349, -50.02
74.055, -9942, -50.00
74.081, -10221, -50.02
74.107, -10520, -50.05
74.133, -10283, -50.08
74.159, -10464, -50.08
74.185, -10295, -50.09
74.211, -10112, -50.09
74.237, -10599, -50.11
74.263, -10696, -50.15
74.289, -10115, -50.15
74.314, -10372, -50.16
74.340, -10243, -50.19
74.366, -10016, -50.18
74.392, -10227, -50.18
74.418, -10450, -50.18
74.444, -10309, -50.20
74.470, -10456, -50.24
74.496, -10275, -50.25
74.522, -10336, -50.24
74.548, -10071, -50.23
74.574, -10286, -50.22
74.600, -10471, -50.22
74.626, -10300, -50.25
74.652, -10271, -50.25
74.678, -10278, -50.26
74.704, -10279, -50.30
74.730, -10666, -50.33
74.756, -10273, -50.30
74.782, -10248, -50.29
74.808, -10265, -50.32
74.834, -10310, -50.31
74.860, -10647, -50.33
74.886, -10596, -50.33
74.912, -10191, -50.35
74.938, -10214, -50.35
74.964, -10195, -50.36
74.990, -10236, -50.34
75.016, -10661, -50.37
75.041, -10678, -50.42
75.067, -10339, -50.43
75.093, -10636, -50.47
75.119, -10449, -50.47
75.145, -10224, -50.45
75.171, -10639, -50.47
75.197, -10190, -50.47
75.223, -10405, -50.47
75.249, -10118, -50.44
75.275, -10195, -50.44
75.301, -10626, -50.48
75.327, -10633, -50.51
75.353, -10288, -50.54
75.379, -10371, -50.56
75.405, -10126, -50.52
75.431, -10163, -50.51
75.457, -10164, -50.48
75.483, -10691, -50.51
75.509, -10094, -50.51
75.535, -10497, -50.50
75.561, -10336, -50.47
75.587, -10785, -50.53
75.613, -10140, -50.51
75.639, -10403, -50.53
75.665, -9996, -50.52
75.691, -10077, -50.51
75.717, -10376, -50.50
75.743, -10117, -50.48
75.768, -10358, -50.47
75.794, -9949, -50.44
75.820, -10674, -50.47
75.846, -10837, -50.55
75.872, -10490, -50.57
75.898, -10561, -50.58
75.924, -10524, -50.60
75.950, -10337, -50.61
75.976, -10526, -50.63
76.002, -10521, -50.65
76.028, -10760, -50.66
76.054, -10575, -50.69
76.080, -10434, -50.71
76.106, -10563, -50.74
76.132, -10336, -50.74
76.158, -10339, -50.71
76.184, -9704, -50.63
76.210, -10587, -50.66
76.236, -10230, -50.67
76.262, -10121, -50.66
76.288, -10300, -50.66
76.314, -10423, -50.64
76.340, -10218, -50.60
76.366, -10557, -50.62
76.392, -10506, -50.61
76.418, -10005, -50.56
76.444, -10424, -50.58
76.469, -10433, -50.56
76.495, -10388, -50.58
76.521, -10519, -50.59
76.547, -10564, -50.63
76.573, -10835, -50.70
76.599, -10654, -50.70
76.625, -10269, -50.66
76.651, -10418, -50.68
76.677, -10557, -50.70
76.703, -10506, -50.73
76.729, -10431, -50.76
76.755, -10702, -50.81
76.781, -10505, -50.80
76.807, -10618, -50.84
76.833, -10415, -50.84
76.859, -10438, -50.85
76.885, -10581, -50.83
76.911, -10732, -50.88
76.937, -10579, -50.90
76.963, -10486, -50.95
76.989, -10253, -50.97
77.015, -10180, -50.95
77.041, -10313, -50.97
77.067, -10718, -51.00
77.093, -10607, -51.07
77.119, -10126, -51.02
77.145, -10691, -51.00
77.171, -10530, -51.00
77.196, -9987, -50.95
77.222, -10688, -50.96
77.248, -10093, -50.94
77.274, -10500, -50.94
77.300, -10255, -50.91
77.326, -10500, -50.88
77.352, -10295, -50.86
77.378, -10414, -50.85
77.404, -10495, -50.85
77.430, -10458, -50.86
77.456, -10571, -50.88
77.482, -10578, -50.97
77.508, -10445, -50.96
77.534, -10880, -51.02
77.560, -10395, -51.04
77.586, -10390, -51.05
77.612, -10539, -51.06
77.638, -10550, -51.10
77.664, -10715, -51.11
77.690, -10472, -51.11
77.716, -10665, -51.18
77.742, -10566, -51.19
77.768, -10609, -51.21
77.794, -10530, -51.22
77.820, -10305, -51.20
77.846, -10900, -51.23
77.872, -10547, -51.21
77.898, -10600, -51.20
77.923, -10607, -51.23
77.949, -10374, -51.23
77.975, -10729, -51.24
78.001, -10530, -51.24
78.027, -10317, -51.24
78.053, -10538, -51.22
78.079, -10467, -51.22
78.105, -10508, -51.21
78.131, -10475, -51.21
78.157, -10682, -51.24
78.183, -10525, -51.23
78.209, -10552, -51.21
78.235, -10809, -51.24
78.261, -10582, -51.24
78.287, -10497, -51.26
78.313, -10388, -51.29
78.339, -10423, -51.30
78.365, -10614, -51.29
78.391, -10707, -51.30
78.417, -10592, -51.34
78.443, -10369, -51.31
78.469, -10480, -51.31
78.495, -10387, -51.35
78.521, -10468, -51.32
78.547, -10515, -51.37
78.573, -10168, -51.33
78.599, -10407, -51.35
78.625, -10424, -51.34
78.650, -10163, -51.33
78.676, -10406, -51.33
78.702, -10687, -51.35
78.728, -10308, -51.33
78.754, -10701, -51.34
78.780, -10540, -51.34
78.806, -10557, -51.35
78.832, -10618, -51.32
78.858, -10261, -51.31
78.884, -10520, -51.32
78.910, -10451, -51.32
78.936, -10446, -51.31
78.962, -10679, -51.30
78.988, -10372, -51.29
79.014, -10805, -51.31
79.040, -10610, -51.31
79.066, -10379, -51.29
79.092, -10446, -51.28
79.118, -10137, -51.26
79.144, -10316, -51.21
79.170, -10243, -51.18
79.196, -10380, -51.16
79.222, -10567, -51.15
79.248, -10432, -51.16
79.274, -10383, -51.12
79.300, -10758, -51.15
79.326, -10223, -51.14
79.351, -10830, -51.17
79.377, -10389, -51.16
79.403, -10578, -51.16
79.429, -11019, -51.22
79.455, -10626, -51.21
79.481, -10639, -51.23
79.507, -10946, -51.26
79.533, -10737, -51.25
79.559, -10406, -51.24
79.585, -10583, -51.24
79.611, -10872, -51.29
79.637, -10759, -51.33
79.663, -10768, -51.34
79.689, -10577, -51.33
79.715, -10226, -51.29
79.741, -10863, -51.34
79.767, -10388, -51.33
79.793, -10981, -51.39
79.819, -10326, -51.38
79.845, -10555, -51.38
79.871, -10930, -51.45
79.897, -10655, -51.48
79.923, -10728, -51.51
79.949, -10323, -51.52
79.975, -10310, -51.51
80.001, -10283, -51.47
80.027, -10538, -51.50
80.053, -10631, -51.49
80.078, -10482, -51.48
80.104, -10665, -51.49
80.130, -10780, -51.51
80.156, -10691, -51.55
80.182, -10436, -51.54
80.208, -10613, -51.56
80.234, -10698, -51.59
80.260, -10679, -51.59
80.286, -10514, -51.60
80.312, -10449, -51.56
80.338, -10718, -51.58
80.364, -9993, -51.54
80.390, -10810, -51.57
80.416, -10705, -51.63
80.442, -10578, -51.65
80.468, -10299, -51.66
80.494, -10830, -51.70
80.520, -10349, -51.68
80.546, -10384, -51.68
80.572, -10713, -51.71
80.598, -11040, -51.74
80.624, -10235, -51.74
80.650, -10476, -51.70
80.676, -10651, -51.73
80.702, -10296, -51.70
80.728, -10831, -51.68
80.754, -10434, -51.66
80.780, -10535, -51.65
80.805, -10772, -51.64
80.831, -10707, -51.64
80.857, -10730, -51.66
80.883, -10621, -51.67
80.909, -10680, -51.65
80.935, -10837, -51.66
80.961, -10652, -51.65
80.987, -10571, -51.65
81.013, -10608, -51.68
81.039, -10423, -51.64
81.065, -10792, -51.68
81.091, -10699, -51.65
81.117, -10820, -51.70
81.143, -10603, -51.70
81.169, -10662, -51.68
81.195, -10291, -51.65
81.221, -10758, -51.65
81.247, -10393, -51.65
81.273, -10436, -51.66
81.299, -10437, -51.68
81.325, -10722, -51.70
81.351, -10609, -51.70
81.377, -10582, -51.71
81.403, -10595, -51.70
81.429, -10688, -51.69
81.455, -10509, -51.67
81.481, -10812, -51.71
81.507, -10837, -51.73
81.532, -10738, -51.74
81.558, -10783, -51.75
81.584, -10468, -51.74
81.610, -10905, -51.79
81.636, -10594, -51.77
81.662, -10599, -51.83
81.688, -10556, -51.81
81.714, -10823, -51.82
81.740, -10942, -51.85
81.766, -10793, -51.90
81.792, -10512, -51.87
81.818, -10633, -51.90
81.844, -10472, -51.91
81.870, -10481, -51.88
81.896, -10538, -51.84
81.922, -10825, -51.89
81.948, -10636, -51.91
81.974, -10679, -51.91
82.000, -10732, -51.96
82.026, -10819, -51.95
82.052, -10718, -51.98
82.078, -10779, -52.01
82.104, -10622, -51.99
82.130, -11145, -52.04
82.156, -10648, -52.03
82.182, -10757, -52.04
82.208, -10920, -52.06
82.234, -10627, -52.04
82.259, -10824, -52.06
82.285, -10607, -52.06
82.311, -10920, -52.09
82.337, -10327, -52.08
82.363, -10700, -52.07
82.389, -10577, -52.06
82.415, -10388, -52.02
82.441, -10315, -51.99
82.467, -10614, -51.99
82.493, -10519, -52.01
82.519, -10640, -52.00
82.545, -10621, -52.02
82.571, -10468, -52.03
82.597, -10899, -52.07
82.623, -10916, -52.09
82.649, -10541, -52.08
82.675, -10732, -52.09
82.701, -10849, -52.12
82.727, -10488, -52.10
82.753, -10811, -52.13
82.779, -10464, -52.10
82.805, -11055, -52.12
82.831, -10388, -52.08
82.857, -10749, -52.08
82.883, -10832, -52.11
82.909, -10893, -52.11
82.935, -10644, -52.12
82.960, -10937, -52.15
82.986, -10970, -52.19
83.012, -10677, -52.18
83.038, -10600, -52.15
83.064, -10667, -52.13
83.090, -10666, -52.15
83.116, -10751, -52.16
83.142, -10600, -52.17
83.168, -10765, -52.20
83.194, -10568, -52.20
83.220, -10557, -52.18
83.246, -10526, -52.17
83.272, -10559, -52.15
83.298, -10606, -52.14
83.324, -10771, -52.14
83.350, -10658, -52.13
83.376, -10779, -52.13
83.402, -10680, -52.14
83.428, -10669, -52.09
83.454, -10428, -52.07
83.480, -10783, -52.07
83.506, -10686, -52.05
83.532, -10673, -52.05
83.558, -10672, -52.04
83.584, -10665, -52.05
83.610, -10694, -52.02
83.636, -10683, -52.05
83.662, -10824, -52.07
83.687, -10649, -52.07
83.713, -10906, -52.13
83.739, -10937, -52.19
83.765, -10732, -52.20
83.791, -10705, -52.22
83.817, -10856, -52.24
83.843, -10645, -52.24
83.869, -10902, -52.28
83.895, -10765, -52.27
83.921, -10934, -52.27
83.947, -10789, -52.29
83.973, -10524, -52.27
83.999, -10653, -52.26
84.025, -11028, -52.31
84.051, -10843, -52.31
84.077, -10742, -52.34
84.103, -11141, -52.35
84.129, -10702, -52.38
84.155, -10925, -52.40
84.181, -10680, -52.38
84.207, -10797, -52.37
84.233, -10534, -52.36
84.259, -10677, -52.33
84.285, -10522, -52.29
84.311, -11083, -52.33
84.337, -10664, -52.34
84.363, -10749, -52.34
84.389, -10348, -52.31
84.414, -10655, -52.30
84.440, -10810, -52.32
84.466, -10775, -52.33
84.492, -10754, -52.34
84.518, -10685, -52.36
84.544, -10860, -52.39
84.570, -10449, -52.38
84.596, -10508, -52.37
84.622, -10651, -52.36
84.648, -10252, -52.32
84.674, -10739, -52.31
84.700, -11026, -52.35
84.726, -11157, -52.40
84.752, -10702, -52.42
84.778, -11011, -52.45
84.804, -10762, -52.45
84.830, -10559, -52.44
84.856, -10732, -52.45
84.882, -10533, -52.44
84.908, -11146, -52.48
84.934, -10629, -52.47
84.960, -10982, -52.49
84.986, -10503, -52.47
85.012, -10692, -52.45
85.038, -10625, -52.42
85.064, -10702, -52.42
85.090, -10787, -52.43
85.116, -11190, -52.46
85.141, -11083, -52.50
85.167, -10838, -52.49
85.193, -10713, -52.49
85.219, -11154, -52.51
85.245, -10853, -52.52
85.271, -10934, -52.56
85.297, -10651, -52.56
85.323, -11294, -52.59
85.349, -10891, -52.59
85.375, -10720, -52.59
85.401, -10699, -52.54
85.427, -10532, -52.53
85.453, -10677, -52.50
85.479, -10560, -52.49
85.505, -11025, -52.51
85.531, -11010, -52.56
85.557, -10357, -52.53
85.583, -10508, -52.53
85.609, -10857, -52.50
85.635, -10930, -52.53
85.661, -10951, -52.55
85.687, -10740, -52.59
85.713, -10827, -52.61
85.739, -10582, -52.58
85.765, -10503, -52.56
85.791, -11106, -52.59
85.817, -10987, -52.62
85.842, -10808, -52.62
85.868, -10861, -52.66
85.894, -10914, -52.69
85.920, -10811, -52.71
85.946, -10876, -52.77
85.972, -10411, -52.74
85.998, -10892, -52.73
86.024, -10963, -52.71
86.050, -11024, -52.74
86.076, -11057, -52.74
86.102, -10816, -52.75
86.128, -10835, -52.78
86.154, -10908, -52.79
86.180, -10987, -52.84
86.206, -10868, -52.81
86.232, -10711, -52.82
86.258, -11024, -52.82
86.284, -10609, -52.84
86.310, -11062, -52.87
86.336, -10689, -52.87
86.362, -11342, -52.94
86.388, -10873, -52.95
86.414, -10680, -52.90
86.440, -10621, -52.85
86.466, -11086, -52.87
86.492, -10745, -52.88
86.518, -10734, -52.84
86.544, -10769, -52.83
86.569, -10670, -52.81
86.595, -10339, -52.77
86.621, -11038, -52.75
86.647, -10781, -52.74
86.673, -10572, -52.72
86.699, -10867, -52.74
86.725, -10510, -52.74
86.751, -10855, -52.76
86.777, -11060, -52.81
86.803, -10787, -52.78
86.829, -11192, -52.80
86.855, -10591, -52.82
86.881, -10544, -52.83
86.907, -10867, -52.83
86.933, -10838, -52.82
86.959, -10861, -52.81
86.985, -10642, -52.80
87.011, -11039, -52.82
87.037, -10722, -52.83
87.063, -10831, -52.87
87.089, -10322, -52.79
87.115, -10949, -52.79
87.141, -10806, -52.79
87.167, -10733, -52.77
87.193, -10892, -52.77
87.219, -11099, -52.80
87.245, -10856, -52.80
87.271, -11043, -52.86
87.296, -10992, -52.87
87.322, -10843, -52.86
87.348, -10900, -52.85
87.374, -11069, -52.85
87.400, -10916, -52.86
87.426, -11045, -52.87
87.452, -10862, -52.87
87.478, -10565, -52.83
87.504, -10788, -52.82
87.530, -11071, -52.86
87.556, -10448, -52.80
87.582, -10831, -52.82
87.608, -10744, -52.79
87.634, -11007, -52.82
87.660, -10930, -52.78
87.686, -10543, -52.75
87.712, -10544, -52.74
87.738, -10539, -52.73
87.764, -11106, -52.73
87.790, -10677, -52.72
87.816, -10842, -52.73
87.842, -10833, -52.74
87.868, -10788, -52.75
87.894, -10925, -52.81
87.920, -10658, -52.77
87.946, -11341, -52.83
87.972, -10864, -52.86
87.998, -10691, -52.84
88.023, -11044, -52.89
88.049, -10691, -52.87
88.075, -10886, -52.86
88.101, -10531, -52.83
88.127, -10754, -52.79
88.153, -10877, -52.82
88.179, -11034, -52.87
88.205, -10709, -52.85
88.231, -11124, -52.88
88.257, -10533, -52.85
88.283, -10842, -52.87
88.309, -11201, -52.88
88.335, -10956, -52.90
88.361, -10717, -52.89
88.387, -10528, -52.91
88.413, -10761, -52.89
88.439, -10700, -52.88
88.465, -10913, -52.90
88.491, -10814, -52.89
88.517, -10519, -52.84
88.543, -10806, -52.83
88.569, -10871, -52.82
88.595, -10850, -52.80
88.621, -10563, -52.78
88.647, -10998, -52.78
88.673, -10677, -52.75
88.699, -10626, -52.72
88.725, -10895, -52.70
88.750, -11078, -52.72
88.776, -10665, -52.73
88.802, -10896, -52.74
88.828, -10851, -52.72
88.854, -10886, -52.77
88.880, -10709, -52.75
88.906, -10858, -52.77
88.932, -10753, -52.74
88.958, -10740, -52.72
88.984, -10511, -52.72
89.010, -11246, -52.79
89.036, -11271, -52.86
89.062, -10874, -52.84
89.088, -10651, -52.84
89.114, -10660, -52.82
89.140, -10705, -52.80
89.166, -11044, -52.83
89.192, -11023, -52.84
89.218, -11070, -52.88
89.244, -11277, -52.87
89.270, -10596, -52.85
89.296, -10929, -52.87
89.322, -11294, -52.89
89.348, -10801, -52.90
89.374, -10952, -52.91
89.400, -10965, -52.95
89.426, -10948, -52.97
89.451, -10699, -52.95
89.477, -10920, -52.94
89.503, -11069, -52.98
89.529, -11062, -52.97
89.555, -10687, -52.99
89.581, -10750, -52.98
89.607, -10809, -52.94
89.633, -10860, -52.93
89.659, -10879, -52.95
89.685, -11044, -53.00
89.711, -10657, -52.99
89.737, -10926, -53.01
89.763, -11149, -53.03
89.789, -10922, -53.04
89.815, -10869, -53.07
89.841, -10980, -53.09
89.867, -10615, -53.07
89.893, -10740, -53.06
89.919, -10731, -53.07
